Employee_ID,Row_Quality_Score,Row_Usability_Status,Analysis_Timestamp
EMP1000,85,GOOD,2025-12-27 21:12:46.596843
EMP1001,85,GOOD,2025-12-27 21:12:46.596843
EMP1002,85,GOOD,2025-12-27 21:12:46.596843
EMP1003,85,GOOD,2025-12-27 21:12:46.596843
EMP1004,85,GOOD,2025-12-27 21:12:46.596843
EMP1005,85,GOOD,2025-12-27 21:12:46.596843
EMP1006,85,GOOD,2025-12-27 21:12:46.596843
EMP1007,85,GOOD,2025-12-27 21:12:46.596843
EMP1008,85,GOOD,2025-12-27 21:12:46.596843
EMP1009,85,GOOD,2025-12-27 21:12:46.596843
EMP1010,85,GOOD,2025-12-27 21:12:46.596843
EMP1011,85,GOOD,2025-12-27 21:12:46.596843
EMP1012,85,GOOD,2025-12-27 21:12:46.596843
EMP1013,85,GOOD,2025-12-27 21:12:46.596843
EMP1014,85,GOOD,2025-12-27 21:12:46.596843
EMP1015,85,GOOD,2025-12-27 21:12:46.596843
EMP1016,85,GOOD,2025-12-27 21:12:46.596843
EMP1017,85,GOOD,2025-12-27 21:12:46.596843
EMP1018,85,GOOD,2025-12-27 21:12:46.596843
EMP1019,85,GOOD,2025-12-27 21:12:46.596843
EMP1020,85,GOOD,2025-12-27 21:12:46.596843
EMP1021,85,GOOD,2025-12-27 21:12:46.596843
EMP1022,85,GOOD,2025-12-27 21:12:46.596843
EMP1023,85,GOOD,2025-12-27 21:12:46.596843
EMP1024,85,GOOD,2025-12-27 21:12:46.596843
EMP1025,85,GOOD,2025-12-27 21:12:46.596843
EMP1026,85,GOOD,2025-12-27 21:12:46.596843
EMP1027,85,GOOD,2025-12-27 21:12:46.596843
EMP1028,85,GOOD,2025-12-27 21:12:46.596843
EMP1029,85,GOOD,2025-12-27 21:12:46.596843
EMP1030,85,GOOD,2025-12-27 21:12:46.596843
EMP1031,85,GOOD,2025-12-27 21:12:46.596843
EMP1032,85,GOOD,2025-12-27 21:12:46.596843
EMP1033,85,GOOD,2025-12-27 21:12:46.596843
EMP1034,85,GOOD,2025-12-27 21:12:46.596843
EMP1035,85,GOOD,2025-12-27 21:12:46.596843
EMP1036,85,GOOD,2025-12-27 21:12:46.596843
EMP1037,85,GOOD,2025-12-27 21:12:46.596843
EMP1038,85,GOOD,2025-12-27 21:12:46.596843
EMP1039,85,GOOD,2025-12-27 21:12:46.596843
EMP1040,85,GOOD,2025-12-27 21:12:46.596843
EMP1041,85,GOOD,2025-12-27 21:12:46.596843
EMP1042,85,GOOD,2025-12-27 21:12:46.596843
EMP1043,85,GOOD,2025-12-27 21:12:46.596843
EMP1044,85,GOOD,2025-12-27 21:12:46.596843
EMP1045,85,GOOD,2025-12-27 21:12:46.596843
EMP1046,85,GOOD,2025-12-27 21:12:46.596843
EMP1047,85,GOOD,2025-12-27 21:12:46.596843
EMP1048,85,GOOD,2025-12-27 21:12:46.596843
EMP1049,85,GOOD,2025-12-27 21:12:46.596843
EMP1050,85,GOOD,2025-12-27 21:12:46.596843
EMP1051,85,GOOD,2025-12-27 21:12:46.596843
EMP1052,85,GOOD,2025-12-27 21:12:46.596843
EMP1053,85,GOOD,2025-12-27 21:12:46.596843
EMP1054,85,GOOD,2025-12-27 21:12:46.596843
EMP1055,85,GOOD,2025-12-27 21:12:46.596843
EMP1056,85,GOOD,2025-12-27 21:12:46.596843
EMP1057,85,GOOD,2025-12-27 21:12:46.596843
EMP1058,85,GOOD,2025-12-27 21:12:46.596843
EMP1059,85,GOOD,2025-12-27 21:12:46.596843
EMP1060,85,GOOD,2025-12-27 21:12:46.596843
EMP1061,85,GOOD,2025-12-27 21:12:46.596843
EMP1062,85,GOOD,2025-12-27 21:12:46.596843
EMP1063,85,GOOD,2025-12-27 21:12:46.596843
EMP1064,85,GOOD,2025-12-27 21:12:46.596843
EMP1065,85,GOOD,2025-12-27 21:12:46.596843
EMP1066,85,GOOD,2025-12-27 21:12:46.596843
EMP1067,85,GOOD,2025-12-27 21:12:46.596843
EMP1068,85,GOOD,2025-12-27 21:12:46.596843
EMP1069,85,GOOD,2025-12-27 21:12:46.596843
EMP1070,85,GOOD,2025-12-27 21:12:46.596843
EMP1071,85,GOOD,2025-12-27 21:12:46.596843
EMP1072,85,GOOD,2025-12-27 21:12:46.596843
EMP1073,85,GOOD,2025-12-27 21:12:46.596843
EMP1074,85,GOOD,2025-12-27 21:12:46.596843
EMP1075,85,GOOD,2025-12-27 21:12:46.596843
EMP1076,85,GOOD,2025-12-27 21:12:46.596843
EMP1077,85,GOOD,2025-12-27 21:12:46.596843
EMP1078,85,GOOD,2025-12-27 21:12:46.596843
EMP1079,85,GOOD,2025-12-27 21:12:46.596843
EMP1080,85,GOOD,2025-12-27 21:12:46.596843
EMP1081,85,GOOD,2025-12-27 21:12:46.596843
EMP1082,85,GOOD,2025-12-27 21:12:46.596843
EMP1083,85,GOOD,2025-12-27 21:12:46.596843
EMP1084,85,GOOD,2025-12-27 21:12:46.596843
EMP1085,85,GOOD,2025-12-27 21:12:46.596843
EMP1086,85,GOOD,2025-12-27 21:12:46.596843
EMP1087,85,GOOD,2025-12-27 21:12:46.596843
EMP1088,85,GOOD,2025-12-27 21:12:46.596843
EMP1089,85,GOOD,2025-12-27 21:12:46.596843
EMP1090,85,GOOD,2025-12-27 21:12:46.596843
EMP1091,85,GOOD,2025-12-27 21:12:46.596843
EMP1092,85,GOOD,2025-12-27 21:12:46.596843
EMP1093,85,GOOD,2025-12-27 21:12:46.596843
EMP1094,85,GOOD,2025-12-27 21:12:46.596843
EMP1095,85,GOOD,2025-12-27 21:12:46.596843
EMP1096,85,GOOD,2025-12-27 21:12:46.596843
EMP1097,85,GOOD,2025-12-27 21:12:46.596843
EMP1098,85,GOOD,2025-12-27 21:12:46.596843
EMP1099,85,GOOD,2025-12-27 21:12:46.596843
EMP1100,85,GOOD,2025-12-27 21:12:46.596843
EMP1101,85,GOOD,2025-12-27 21:12:46.596843
EMP1102,85,GOOD,2025-12-27 21:12:46.596843
EMP1103,85,GOOD,2025-12-27 21:12:46.596843
EMP1104,85,GOOD,2025-12-27 21:12:46.596843
EMP1105,85,GOOD,2025-12-27 21:12:46.596843
EMP1106,85,GOOD,2025-12-27 21:12:46.596843
EMP1107,85,GOOD,2025-12-27 21:12:46.596843
EMP1108,85,GOOD,2025-12-27 21:12:46.596843
EMP1109,85,GOOD,2025-12-27 21:12:46.596843
EMP1110,85,GOOD,2025-12-27 21:12:46.596843
EMP1111,85,GOOD,2025-12-27 21:12:46.596843
EMP1112,85,GOOD,2025-12-27 21:12:46.596843
EMP1113,85,GOOD,2025-12-27 21:12:46.596843
EMP1114,85,GOOD,2025-12-27 21:12:46.596843
EMP1115,85,GOOD,2025-12-27 21:12:46.596843
EMP1116,85,GOOD,2025-12-27 21:12:46.596843
EMP1117,85,GOOD,2025-12-27 21:12:46.596843
EMP1118,85,GOOD,2025-12-27 21:12:46.596843
EMP1119,85,GOOD,2025-12-27 21:12:46.596843
EMP1120,85,GOOD,2025-12-27 21:12:46.596843
EMP1121,85,GOOD,2025-12-27 21:12:46.596843
EMP1122,85,GOOD,2025-12-27 21:12:46.596843
EMP1123,85,GOOD,2025-12-27 21:12:46.596843
EMP1124,85,GOOD,2025-12-27 21:12:46.596843
EMP1125,85,GOOD,2025-12-27 21:12:46.596843
EMP1126,85,GOOD,2025-12-27 21:12:46.596843
EMP1127,85,GOOD,2025-12-27 21:12:46.596843
EMP1128,85,GOOD,2025-12-27 21:12:46.596843
EMP1129,85,GOOD,2025-12-27 21:12:46.596843
EMP1130,85,GOOD,2025-12-27 21:12:46.596843
EMP1131,85,GOOD,2025-12-27 21:12:46.596843
EMP1132,85,GOOD,2025-12-27 21:12:46.596843
EMP1133,85,GOOD,2025-12-27 21:12:46.596843
EMP1134,85,GOOD,2025-12-27 21:12:46.596843
EMP1135,85,GOOD,2025-12-27 21:12:46.596843
EMP1136,85,GOOD,2025-12-27 21:12:46.596843
EMP1137,85,GOOD,2025-12-27 21:12:46.596843
EMP1138,85,GOOD,2025-12-27 21:12:46.596843
EMP1139,85,GOOD,2025-12-27 21:12:46.596843
EMP1140,85,GOOD,2025-12-27 21:12:46.596843
EMP1141,85,GOOD,2025-12-27 21:12:46.596843
EMP1142,85,GOOD,2025-12-27 21:12:46.596843
EMP1143,85,GOOD,2025-12-27 21:12:46.596843
EMP1144,85,GOOD,2025-12-27 21:12:46.596843
EMP1145,85,GOOD,2025-12-27 21:12:46.596843
EMP1146,85,GOOD,2025-12-27 21:12:46.596843
EMP1147,85,GOOD,2025-12-27 21:12:46.596843
EMP1148,85,GOOD,2025-12-27 21:12:46.596843
EMP1149,85,GOOD,2025-12-27 21:12:46.596843
EMP1150,85,GOOD,2025-12-27 21:12:46.596843
EMP1151,85,GOOD,2025-12-27 21:12:46.596843
EMP1152,85,GOOD,2025-12-27 21:12:46.596843
EMP1153,85,GOOD,2025-12-27 21:12:46.596843
EMP1154,85,GOOD,2025-12-27 21:12:46.596843
EMP1155,85,GOOD,2025-12-27 21:12:46.596843
EMP1156,85,GOOD,2025-12-27 21:12:46.596843
EMP1157,85,GOOD,2025-12-27 21:12:46.596843
EMP1158,85,GOOD,2025-12-27 21:12:46.596843
EMP1159,85,GOOD,2025-12-27 21:12:46.596843
EMP1160,85,GOOD,2025-12-27 21:12:46.596843
EMP1161,85,GOOD,2025-12-27 21:12:46.596843
EMP1162,85,GOOD,2025-12-27 21:12:46.596843
EMP1163,85,GOOD,2025-12-27 21:12:46.596843
EMP1164,85,GOOD,2025-12-27 21:12:46.596843
EMP1165,85,GOOD,2025-12-27 21:12:46.596843
EMP1166,85,GOOD,2025-12-27 21:12:46.596843
EMP1167,85,GOOD,2025-12-27 21:12:46.596843
EMP1168,85,GOOD,2025-12-27 21:12:46.596843
EMP1169,85,GOOD,2025-12-27 21:12:46.596843
EMP1170,85,GOOD,2025-12-27 21:12:46.596843
EMP1171,85,GOOD,2025-12-27 21:12:46.596843
EMP1172,85,GOOD,2025-12-27 21:12:46.596843
EMP1173,85,GOOD,2025-12-27 21:12:46.596843
EMP1174,85,GOOD,2025-12-27 21:12:46.596843
EMP1175,85,GOOD,2025-12-27 21:12:46.596843
EMP1176,85,GOOD,2025-12-27 21:12:46.596843
EMP1177,85,GOOD,2025-12-27 21:12:46.596843
EMP1178,85,GOOD,2025-12-27 21:12:46.596843
EMP1179,85,GOOD,2025-12-27 21:12:46.596843
EMP1180,85,GOOD,2025-12-27 21:12:46.596843
EMP1181,85,GOOD,2025-12-27 21:12:46.596843
EMP1182,85,GOOD,2025-12-27 21:12:46.596843
EMP1183,85,GOOD,2025-12-27 21:12:46.596843
EMP1184,85,GOOD,2025-12-27 21:12:46.596843
EMP1185,85,GOOD,2025-12-27 21:12:46.596843
EMP1186,85,GOOD,2025-12-27 21:12:46.596843
EMP1187,85,GOOD,2025-12-27 21:12:46.596843
EMP1188,85,GOOD,2025-12-27 21:12:46.596843
EMP1189,85,GOOD,2025-12-27 21:12:46.596843
EMP1190,85,GOOD,2025-12-27 21:12:46.596843
EMP1191,85,GOOD,2025-12-27 21:12:46.596843
EMP1192,85,GOOD,2025-12-27 21:12:46.596843
EMP1193,85,GOOD,2025-12-27 21:12:46.596843
EMP1194,85,GOOD,2025-12-27 21:12:46.596843
EMP1195,85,GOOD,2025-12-27 21:12:46.596843
EMP1196,85,GOOD,2025-12-27 21:12:46.596843
EMP1197,85,GOOD,2025-12-27 21:12:46.596843
EMP1198,85,GOOD,2025-12-27 21:12:46.596843
EMP1199,85,GOOD,2025-12-27 21:12:46.596843
EMP1200,85,GOOD,2025-12-27 21:12:46.596843
EMP1201,85,GOOD,2025-12-27 21:12:46.596843
EMP1202,85,GOOD,2025-12-27 21:12:46.596843
EMP1203,85,GOOD,2025-12-27 21:12:46.596843
EMP1204,85,GOOD,2025-12-27 21:12:46.596843
EMP1205,85,GOOD,2025-12-27 21:12:46.596843
EMP1206,85,GOOD,2025-12-27 21:12:46.596843
EMP1207,85,GOOD,2025-12-27 21:12:46.596843
EMP1208,85,GOOD,2025-12-27 21:12:46.596843
EMP1209,85,GOOD,2025-12-27 21:12:46.596843
EMP1210,85,GOOD,2025-12-27 21:12:46.596843
EMP1211,85,GOOD,2025-12-27 21:12:46.596843
EMP1212,85,GOOD,2025-12-27 21:12:46.596843
EMP1213,85,GOOD,2025-12-27 21:12:46.596843
EMP1214,85,GOOD,2025-12-27 21:12:46.596843
EMP1215,85,GOOD,2025-12-27 21:12:46.596843
EMP1216,85,GOOD,2025-12-27 21:12:46.596843
EMP1217,85,GOOD,2025-12-27 21:12:46.596843
EMP1218,85,GOOD,2025-12-27 21:12:46.596843
EMP1219,85,GOOD,2025-12-27 21:12:46.596843
EMP1220,85,GOOD,2025-12-27 21:12:46.596843
EMP1221,85,GOOD,2025-12-27 21:12:46.596843
EMP1222,85,GOOD,2025-12-27 21:12:46.596843
EMP1223,85,GOOD,2025-12-27 21:12:46.596843
EMP1224,85,GOOD,2025-12-27 21:12:46.596843
EMP1225,85,GOOD,2025-12-27 21:12:46.596843
EMP1226,85,GOOD,2025-12-27 21:12:46.596843
EMP1227,85,GOOD,2025-12-27 21:12:46.596843
EMP1228,85,GOOD,2025-12-27 21:12:46.596843
EMP1229,85,GOOD,2025-12-27 21:12:46.596843
EMP1230,85,GOOD,2025-12-27 21:12:46.596843
EMP1231,85,GOOD,2025-12-27 21:12:46.596843
EMP1232,85,GOOD,2025-12-27 21:12:46.596843
EMP1233,85,GOOD,2025-12-27 21:12:46.596843
EMP1234,85,GOOD,2025-12-27 21:12:46.596843
EMP1235,85,GOOD,2025-12-27 21:12:46.596843
EMP1236,85,GOOD,2025-12-27 21:12:46.596843
EMP1237,85,GOOD,2025-12-27 21:12:46.596843
EMP1238,85,GOOD,2025-12-27 21:12:46.596843
EMP1239,85,GOOD,2025-12-27 21:12:46.596843
EMP1240,85,GOOD,2025-12-27 21:12:46.596843
EMP1241,85,GOOD,2025-12-27 21:12:46.596843
EMP1242,85,GOOD,2025-12-27 21:12:46.596843
EMP1243,85,GOOD,2025-12-27 21:12:46.596843
EMP1244,85,GOOD,2025-12-27 21:12:46.596843
EMP1245,85,GOOD,2025-12-27 21:12:46.596843
EMP1246,85,GOOD,2025-12-27 21:12:46.596843
EMP1247,85,GOOD,2025-12-27 21:12:46.596843
EMP1248,85,GOOD,2025-12-27 21:12:46.596843
EMP1249,85,GOOD,2025-12-27 21:12:46.596843
EMP1250,85,GOOD,2025-12-27 21:12:46.596843
EMP1251,85,GOOD,2025-12-27 21:12:46.596843
EMP1252,85,GOOD,2025-12-27 21:12:46.596843
EMP1253,85,GOOD,2025-12-27 21:12:46.596843
EMP1254,85,GOOD,2025-12-27 21:12:46.596843
EMP1255,85,GOOD,2025-12-27 21:12:46.596843
EMP1256,85,GOOD,2025-12-27 21:12:46.596843
EMP1257,85,GOOD,2025-12-27 21:12:46.596843
EMP1258,85,GOOD,2025-12-27 21:12:46.596843
EMP1259,85,GOOD,2025-12-27 21:12:46.596843
EMP1260,85,GOOD,2025-12-27 21:12:46.596843
EMP1261,85,GOOD,2025-12-27 21:12:46.596843
EMP1262,85,GOOD,2025-12-27 21:12:46.596843
EMP1263,85,GOOD,2025-12-27 21:12:46.596843
EMP1264,85,GOOD,2025-12-27 21:12:46.596843
EMP1265,85,GOOD,2025-12-27 21:12:46.596843
EMP1266,85,GOOD,2025-12-27 21:12:46.596843
EMP1267,85,GOOD,2025-12-27 21:12:46.596843
EMP1268,85,GOOD,2025-12-27 21:12:46.596843
EMP1269,85,GOOD,2025-12-27 21:12:46.596843
EMP1270,85,GOOD,2025-12-27 21:12:46.596843
EMP1271,85,GOOD,2025-12-27 21:12:46.596843
EMP1272,85,GOOD,2025-12-27 21:12:46.596843
EMP1273,85,GOOD,2025-12-27 21:12:46.596843
EMP1274,85,GOOD,2025-12-27 21:12:46.596843
EMP1275,85,GOOD,2025-12-27 21:12:46.596843
EMP1276,85,GOOD,2025-12-27 21:12:46.596843
EMP1277,85,GOOD,2025-12-27 21:12:46.596843
EMP1278,85,GOOD,2025-12-27 21:12:46.596843
EMP1279,85,GOOD,2025-12-27 21:12:46.596843
EMP1280,85,GOOD,2025-12-27 21:12:46.596843
EMP1281,85,GOOD,2025-12-27 21:12:46.596843
EMP1282,85,GOOD,2025-12-27 21:12:46.596843
EMP1283,85,GOOD,2025-12-27 21:12:46.596843
EMP1284,85,GOOD,2025-12-27 21:12:46.596843
EMP1285,85,GOOD,2025-12-27 21:12:46.596843
EMP1286,85,GOOD,2025-12-27 21:12:46.596843
EMP1287,85,GOOD,2025-12-27 21:12:46.596843
EMP1288,85,GOOD,2025-12-27 21:12:46.596843
EMP1289,85,GOOD,2025-12-27 21:12:46.596843
EMP1290,85,GOOD,2025-12-27 21:12:46.596843
EMP1291,85,GOOD,2025-12-27 21:12:46.596843
EMP1292,85,GOOD,2025-12-27 21:12:46.596843
EMP1293,85,GOOD,2025-12-27 21:12:46.596843
EMP1294,85,GOOD,2025-12-27 21:12:46.596843
EMP1295,85,GOOD,2025-12-27 21:12:46.596843
EMP1296,85,GOOD,2025-12-27 21:12:46.596843
EMP1297,85,GOOD,2025-12-27 21:12:46.596843
EMP1298,85,GOOD,2025-12-27 21:12:46.596843
EMP1299,85,GOOD,2025-12-27 21:12:46.596843
EMP1300,85,GOOD,2025-12-27 21:12:46.596843
EMP1301,85,GOOD,2025-12-27 21:12:46.596843
EMP1302,85,GOOD,2025-12-27 21:12:46.596843
EMP1303,85,GOOD,2025-12-27 21:12:46.596843
EMP1304,85,GOOD,2025-12-27 21:12:46.596843
EMP1305,85,GOOD,2025-12-27 21:12:46.596843
EMP1306,85,GOOD,2025-12-27 21:12:46.596843
EMP1307,85,GOOD,2025-12-27 21:12:46.596843
EMP1308,85,GOOD,2025-12-27 21:12:46.596843
EMP1309,85,GOOD,2025-12-27 21:12:46.596843
EMP1310,85,GOOD,2025-12-27 21:12:46.596843
EMP1311,85,GOOD,2025-12-27 21:12:46.596843
EMP1312,85,GOOD,2025-12-27 21:12:46.596843
EMP1313,85,GOOD,2025-12-27 21:12:46.596843
EMP1314,85,GOOD,2025-12-27 21:12:46.596843
EMP1315,85,GOOD,2025-12-27 21:12:46.596843
EMP1316,85,GOOD,2025-12-27 21:12:46.596843
EMP1317,85,GOOD,2025-12-27 21:12:46.596843
EMP1318,85,GOOD,2025-12-27 21:12:46.596843
EMP1319,85,GOOD,2025-12-27 21:12:46.596843
EMP1320,85,GOOD,2025-12-27 21:12:46.596843
EMP1321,85,GOOD,2025-12-27 21:12:46.596843
EMP1322,85,GOOD,2025-12-27 21:12:46.596843
EMP1323,85,GOOD,2025-12-27 21:12:46.596843
EMP1324,85,GOOD,2025-12-27 21:12:46.596843
EMP1325,85,GOOD,2025-12-27 21:12:46.596843
EMP1326,85,GOOD,2025-12-27 21:12:46.596843
EMP1327,85,GOOD,2025-12-27 21:12:46.596843
EMP1328,85,GOOD,2025-12-27 21:12:46.596843
EMP1329,85,GOOD,2025-12-27 21:12:46.596843
EMP1330,85,GOOD,2025-12-27 21:12:46.596843
EMP1331,85,GOOD,2025-12-27 21:12:46.596843
EMP1332,85,GOOD,2025-12-27 21:12:46.596843
EMP1333,85,GOOD,2025-12-27 21:12:46.596843
EMP1334,85,GOOD,2025-12-27 21:12:46.596843
EMP1335,85,GOOD,2025-12-27 21:12:46.596843
EMP1336,85,GOOD,2025-12-27 21:12:46.596843
EMP1337,85,GOOD,2025-12-27 21:12:46.596843
EMP1338,85,GOOD,2025-12-27 21:12:46.596843
EMP1339,85,GOOD,2025-12-27 21:12:46.596843
EMP1340,85,GOOD,2025-12-27 21:12:46.596843
EMP1341,85,GOOD,2025-12-27 21:12:46.596843
EMP1342,85,GOOD,2025-12-27 21:12:46.596843
EMP1343,85,GOOD,2025-12-27 21:12:46.596843
EMP1344,85,GOOD,2025-12-27 21:12:46.596843
EMP1345,85,GOOD,2025-12-27 21:12:46.596843
EMP1346,85,GOOD,2025-12-27 21:12:46.596843
EMP1347,85,GOOD,2025-12-27 21:12:46.596843
EMP1348,85,GOOD,2025-12-27 21:12:46.596843
EMP1349,85,GOOD,2025-12-27 21:12:46.596843
EMP1350,85,GOOD,2025-12-27 21:12:46.596843
EMP1351,85,GOOD,2025-12-27 21:12:46.596843
EMP1352,85,GOOD,2025-12-27 21:12:46.596843
EMP1353,85,GOOD,2025-12-27 21:12:46.596843
EMP1354,85,GOOD,2025-12-27 21:12:46.596843
EMP1355,85,GOOD,2025-12-27 21:12:46.596843
EMP1356,85,GOOD,2025-12-27 21:12:46.596843
EMP1357,85,GOOD,2025-12-27 21:12:46.596843
EMP1358,85,GOOD,2025-12-27 21:12:46.596843
EMP1359,85,GOOD,2025-12-27 21:12:46.596843
EMP1360,85,GOOD,2025-12-27 21:12:46.596843
EMP1361,85,GOOD,2025-12-27 21:12:46.596843
EMP1362,85,GOOD,2025-12-27 21:12:46.596843
EMP1363,85,GOOD,2025-12-27 21:12:46.596843
EMP1364,85,GOOD,2025-12-27 21:12:46.596843
EMP1365,85,GOOD,2025-12-27 21:12:46.596843
EMP1366,85,GOOD,2025-12-27 21:12:46.596843
EMP1367,85,GOOD,2025-12-27 21:12:46.596843
EMP1368,85,GOOD,2025-12-27 21:12:46.596843
EMP1369,85,GOOD,2025-12-27 21:12:46.596843
EMP1370,85,GOOD,2025-12-27 21:12:46.596843
EMP1371,85,GOOD,2025-12-27 21:12:46.596843
EMP1372,85,GOOD,2025-12-27 21:12:46.596843
EMP1373,85,GOOD,2025-12-27 21:12:46.596843
EMP1374,85,GOOD,2025-12-27 21:12:46.596843
EMP1375,85,GOOD,2025-12-27 21:12:46.596843
EMP1376,85,GOOD,2025-12-27 21:12:46.596843
EMP1377,85,GOOD,2025-12-27 21:12:46.596843
EMP1378,85,GOOD,2025-12-27 21:12:46.596843
EMP1379,85,GOOD,2025-12-27 21:12:46.596843
EMP1380,85,GOOD,2025-12-27 21:12:46.596843
EMP1381,85,GOOD,2025-12-27 21:12:46.596843
EMP1382,85,GOOD,2025-12-27 21:12:46.596843
EMP1383,85,GOOD,2025-12-27 21:12:46.596843
EMP1384,85,GOOD,2025-12-27 21:12:46.596843
EMP1385,85,GOOD,2025-12-27 21:12:46.596843
EMP1386,85,GOOD,2025-12-27 21:12:46.596843
EMP1387,85,GOOD,2025-12-27 21:12:46.596843
EMP1388,85,GOOD,2025-12-27 21:12:46.596843
EMP1389,85,GOOD,2025-12-27 21:12:46.596843
EMP1390,85,GOOD,2025-12-27 21:12:46.596843
EMP1391,85,GOOD,2025-12-27 21:12:46.596843
EMP1392,85,GOOD,2025-12-27 21:12:46.596843
EMP1393,85,GOOD,2025-12-27 21:12:46.596843
EMP1394,85,GOOD,2025-12-27 21:12:46.596843
EMP1395,85,GOOD,2025-12-27 21:12:46.596843
EMP1396,85,GOOD,2025-12-27 21:12:46.596843
EMP1397,85,GOOD,2025-12-27 21:12:46.596843
EMP1398,85,GOOD,2025-12-27 21:12:46.596843
EMP1399,85,GOOD,2025-12-27 21:12:46.596843
EMP1400,85,GOOD,2025-12-27 21:12:46.596843
EMP1401,85,GOOD,2025-12-27 21:12:46.596843
EMP1402,85,GOOD,2025-12-27 21:12:46.596843
EMP1403,85,GOOD,2025-12-27 21:12:46.596843
EMP1404,85,GOOD,2025-12-27 21:12:46.596843
EMP1405,85,GOOD,2025-12-27 21:12:46.596843
EMP1406,85,GOOD,2025-12-27 21:12:46.596843
EMP1407,85,GOOD,2025-12-27 21:12:46.596843
EMP1408,85,GOOD,2025-12-27 21:12:46.596843
EMP1409,85,GOOD,2025-12-27 21:12:46.596843
EMP1410,85,GOOD,2025-12-27 21:12:46.596843
EMP1411,85,GOOD,2025-12-27 21:12:46.596843
EMP1412,85,GOOD,2025-12-27 21:12:46.596843
EMP1413,85,GOOD,2025-12-27 21:12:46.596843
EMP1414,85,GOOD,2025-12-27 21:12:46.596843
EMP1415,85,GOOD,2025-12-27 21:12:46.596843
EMP1416,85,GOOD,2025-12-27 21:12:46.596843
EMP1417,85,GOOD,2025-12-27 21:12:46.596843
EMP1418,85,GOOD,2025-12-27 21:12:46.596843
EMP1419,85,GOOD,2025-12-27 21:12:46.596843
EMP1420,85,GOOD,2025-12-27 21:12:46.596843
EMP1421,85,GOOD,2025-12-27 21:12:46.596843
EMP1422,85,GOOD,2025-12-27 21:12:46.596843
EMP1423,85,GOOD,2025-12-27 21:12:46.596843
EMP1424,85,GOOD,2025-12-27 21:12:46.596843
EMP1425,85,GOOD,2025-12-27 21:12:46.596843
EMP1426,85,GOOD,2025-12-27 21:12:46.596843
EMP1427,85,GOOD,2025-12-27 21:12:46.596843
EMP1428,85,GOOD,2025-12-27 21:12:46.596843
EMP1429,85,GOOD,2025-12-27 21:12:46.596843
EMP1430,85,GOOD,2025-12-27 21:12:46.596843
EMP1431,85,GOOD,2025-12-27 21:12:46.596843
EMP1432,85,GOOD,2025-12-27 21:12:46.596843
EMP1433,85,GOOD,2025-12-27 21:12:46.596843
EMP1434,85,GOOD,2025-12-27 21:12:46.596843
EMP1435,85,GOOD,2025-12-27 21:12:46.596843
EMP1436,85,GOOD,2025-12-27 21:12:46.596843
EMP1437,85,GOOD,2025-12-27 21:12:46.596843
EMP1438,85,GOOD,2025-12-27 21:12:46.596843
EMP1439,85,GOOD,2025-12-27 21:12:46.596843
EMP1440,85,GOOD,2025-12-27 21:12:46.596843
EMP1441,85,GOOD,2025-12-27 21:12:46.596843
EMP1442,85,GOOD,2025-12-27 21:12:46.596843
EMP1443,85,GOOD,2025-12-27 21:12:46.596843
EMP1444,85,GOOD,2025-12-27 21:12:46.596843
EMP1445,85,GOOD,2025-12-27 21:12:46.596843
EMP1446,85,GOOD,2025-12-27 21:12:46.596843
EMP1447,85,GOOD,2025-12-27 21:12:46.596843
EMP1448,85,GOOD,2025-12-27 21:12:46.596843
EMP1449,85,GOOD,2025-12-27 21:12:46.596843
EMP1450,85,GOOD,2025-12-27 21:12:46.596843
EMP1451,85,GOOD,2025-12-27 21:12:46.596843
EMP1452,85,GOOD,2025-12-27 21:12:46.596843
EMP1453,85,GOOD,2025-12-27 21:12:46.596843
EMP1454,85,GOOD,2025-12-27 21:12:46.596843
EMP1455,85,GOOD,2025-12-27 21:12:46.596843
EMP1456,85,GOOD,2025-12-27 21:12:46.596843
EMP1457,85,GOOD,2025-12-27 21:12:46.596843
EMP1458,85,GOOD,2025-12-27 21:12:46.596843
EMP1459,85,GOOD,2025-12-27 21:12:46.596843
EMP1460,85,GOOD,2025-12-27 21:12:46.596843
EMP1461,85,GOOD,2025-12-27 21:12:46.596843
EMP1462,85,GOOD,2025-12-27 21:12:46.596843
EMP1463,85,GOOD,2025-12-27 21:12:46.596843
EMP1464,85,GOOD,2025-12-27 21:12:46.596843
EMP1465,85,GOOD,2025-12-27 21:12:46.596843
EMP1466,85,GOOD,2025-12-27 21:12:46.596843
EMP1467,85,GOOD,2025-12-27 21:12:46.596843
EMP1468,85,GOOD,2025-12-27 21:12:46.596843
EMP1469,85,GOOD,2025-12-27 21:12:46.596843
EMP1470,85,GOOD,2025-12-27 21:12:46.596843
EMP1471,85,GOOD,2025-12-27 21:12:46.596843
EMP1472,85,GOOD,2025-12-27 21:12:46.596843
EMP1473,85,GOOD,2025-12-27 21:12:46.596843
EMP1474,85,GOOD,2025-12-27 21:12:46.596843
EMP1475,85,GOOD,2025-12-27 21:12:46.596843
EMP1476,85,GOOD,2025-12-27 21:12:46.596843
EMP1477,85,GOOD,2025-12-27 21:12:46.596843
EMP1478,85,GOOD,2025-12-27 21:12:46.596843
EMP1479,85,GOOD,2025-12-27 21:12:46.596843
EMP1480,85,GOOD,2025-12-27 21:12:46.596843
EMP1481,85,GOOD,2025-12-27 21:12:46.596843
EMP1482,85,GOOD,2025-12-27 21:12:46.596843
EMP1483,85,GOOD,2025-12-27 21:12:46.596843
EMP1484,85,GOOD,2025-12-27 21:12:46.596843
EMP1485,85,GOOD,2025-12-27 21:12:46.596843
EMP1486,85,GOOD,2025-12-27 21:12:46.596843
EMP1487,85,GOOD,2025-12-27 21:12:46.596843
EMP1488,85,GOOD,2025-12-27 21:12:46.596843
EMP1489,85,GOOD,2025-12-27 21:12:46.596843
EMP1490,85,GOOD,2025-12-27 21:12:46.596843
EMP1491,85,GOOD,2025-12-27 21:12:46.596843
EMP1492,85,GOOD,2025-12-27 21:12:46.596843
EMP1493,85,GOOD,2025-12-27 21:12:46.596843
EMP1494,85,GOOD,2025-12-27 21:12:46.596843
EMP1495,85,GOOD,2025-12-27 21:12:46.596843
EMP1496,85,GOOD,2025-12-27 21:12:46.596843
EMP1497,85,GOOD,2025-12-27 21:12:46.596843
EMP1498,85,GOOD,2025-12-27 21:12:46.596843
EMP1499,85,GOOD,2025-12-27 21:12:46.596843
EMP1500,85,GOOD,2025-12-27 21:12:46.596843
EMP1501,85,GOOD,2025-12-27 21:12:46.596843
EMP1502,85,GOOD,2025-12-27 21:12:46.596843
EMP1503,85,GOOD,2025-12-27 21:12:46.596843
EMP1504,85,GOOD,2025-12-27 21:12:46.596843
EMP1505,85,GOOD,2025-12-27 21:12:46.596843
EMP1506,85,GOOD,2025-12-27 21:12:46.596843
EMP1507,85,GOOD,2025-12-27 21:12:46.596843
EMP1508,85,GOOD,2025-12-27 21:12:46.596843
EMP1509,85,GOOD,2025-12-27 21:12:46.596843
EMP1510,85,GOOD,2025-12-27 21:12:46.596843
EMP1511,85,GOOD,2025-12-27 21:12:46.596843
EMP1512,85,GOOD,2025-12-27 21:12:46.596843
EMP1513,85,GOOD,2025-12-27 21:12:46.596843
EMP1514,85,GOOD,2025-12-27 21:12:46.596843
EMP1515,85,GOOD,2025-12-27 21:12:46.596843
EMP1516,85,GOOD,2025-12-27 21:12:46.596843
EMP1517,85,GOOD,2025-12-27 21:12:46.596843
EMP1518,85,GOOD,2025-12-27 21:12:46.596843
EMP1519,85,GOOD,2025-12-27 21:12:46.596843
EMP1520,85,GOOD,2025-12-27 21:12:46.596843
EMP1521,85,GOOD,2025-12-27 21:12:46.596843
EMP1522,85,GOOD,2025-12-27 21:12:46.596843
EMP1523,85,GOOD,2025-12-27 21:12:46.596843
EMP1524,85,GOOD,2025-12-27 21:12:46.596843
EMP1525,85,GOOD,2025-12-27 21:12:46.596843
EMP1526,85,GOOD,2025-12-27 21:12:46.596843
EMP1527,85,GOOD,2025-12-27 21:12:46.596843
EMP1528,85,GOOD,2025-12-27 21:12:46.596843
EMP1529,85,GOOD,2025-12-27 21:12:46.596843
EMP1530,85,GOOD,2025-12-27 21:12:46.596843
EMP1531,85,GOOD,2025-12-27 21:12:46.596843
EMP1532,85,GOOD,2025-12-27 21:12:46.596843
EMP1533,85,GOOD,2025-12-27 21:12:46.596843
EMP1534,85,GOOD,2025-12-27 21:12:46.596843
EMP1535,85,GOOD,2025-12-27 21:12:46.596843
EMP1536,85,GOOD,2025-12-27 21:12:46.596843
EMP1537,85,GOOD,2025-12-27 21:12:46.596843
EMP1538,85,GOOD,2025-12-27 21:12:46.596843
EMP1539,85,GOOD,2025-12-27 21:12:46.596843
EMP1540,85,GOOD,2025-12-27 21:12:46.596843
EMP1541,85,GOOD,2025-12-27 21:12:46.596843
EMP1542,85,GOOD,2025-12-27 21:12:46.596843
EMP1543,85,GOOD,2025-12-27 21:12:46.596843
EMP1544,85,GOOD,2025-12-27 21:12:46.596843
EMP1545,85,GOOD,2025-12-27 21:12:46.596843
EMP1546,85,GOOD,2025-12-27 21:12:46.596843
EMP1547,85,GOOD,2025-12-27 21:12:46.596843
EMP1548,85,GOOD,2025-12-27 21:12:46.596843
EMP1549,85,GOOD,2025-12-27 21:12:46.596843
EMP1550,85,GOOD,2025-12-27 21:12:46.596843
EMP1551,85,GOOD,2025-12-27 21:12:46.596843
EMP1552,85,GOOD,2025-12-27 21:12:46.596843
EMP1553,85,GOOD,2025-12-27 21:12:46.596843
EMP1554,85,GOOD,2025-12-27 21:12:46.596843
EMP1555,85,GOOD,2025-12-27 21:12:46.596843
EMP1556,85,GOOD,2025-12-27 21:12:46.596843
EMP1557,85,GOOD,2025-12-27 21:12:46.596843
EMP1558,85,GOOD,2025-12-27 21:12:46.596843
EMP1559,85,GOOD,2025-12-27 21:12:46.596843
EMP1560,85,GOOD,2025-12-27 21:12:46.596843
EMP1561,85,GOOD,2025-12-27 21:12:46.596843
EMP1562,85,GOOD,2025-12-27 21:12:46.596843
EMP1563,85,GOOD,2025-12-27 21:12:46.596843
EMP1564,85,GOOD,2025-12-27 21:12:46.596843
EMP1565,85,GOOD,2025-12-27 21:12:46.596843
EMP1566,85,GOOD,2025-12-27 21:12:46.596843
EMP1567,85,GOOD,2025-12-27 21:12:46.596843
EMP1568,85,GOOD,2025-12-27 21:12:46.596843
EMP1569,85,GOOD,2025-12-27 21:12:46.596843
EMP1570,85,GOOD,2025-12-27 21:12:46.596843
EMP1571,85,GOOD,2025-12-27 21:12:46.596843
EMP1572,85,GOOD,2025-12-27 21:12:46.596843
EMP1573,85,GOOD,2025-12-27 21:12:46.596843
EMP1574,85,GOOD,2025-12-27 21:12:46.596843
EMP1575,85,GOOD,2025-12-27 21:12:46.596843
EMP1576,85,GOOD,2025-12-27 21:12:46.596843
EMP1577,85,GOOD,2025-12-27 21:12:46.596843
EMP1578,85,GOOD,2025-12-27 21:12:46.596843
EMP1579,85,GOOD,2025-12-27 21:12:46.596843
EMP1580,85,GOOD,2025-12-27 21:12:46.596843
EMP1581,85,GOOD,2025-12-27 21:12:46.596843
EMP1582,85,GOOD,2025-12-27 21:12:46.596843
EMP1583,85,GOOD,2025-12-27 21:12:46.596843
EMP1584,85,GOOD,2025-12-27 21:12:46.596843
EMP1585,85,GOOD,2025-12-27 21:12:46.596843
EMP1586,85,GOOD,2025-12-27 21:12:46.596843
EMP1587,85,GOOD,2025-12-27 21:12:46.596843
EMP1588,85,GOOD,2025-12-27 21:12:46.596843
EMP1589,85,GOOD,2025-12-27 21:12:46.596843
EMP1590,85,GOOD,2025-12-27 21:12:46.596843
EMP1591,85,GOOD,2025-12-27 21:12:46.596843
EMP1592,85,GOOD,2025-12-27 21:12:46.596843
EMP1593,85,GOOD,2025-12-27 21:12:46.596843
EMP1594,85,GOOD,2025-12-27 21:12:46.596843
EMP1595,85,GOOD,2025-12-27 21:12:46.596843
EMP1596,85,GOOD,2025-12-27 21:12:46.596843
EMP1597,85,GOOD,2025-12-27 21:12:46.596843
EMP1598,85,GOOD,2025-12-27 21:12:46.596843
EMP1599,85,GOOD,2025-12-27 21:12:46.596843
EMP1600,85,GOOD,2025-12-27 21:12:46.596843
EMP1601,85,GOOD,2025-12-27 21:12:46.596843
EMP1602,85,GOOD,2025-12-27 21:12:46.596843
EMP1603,85,GOOD,2025-12-27 21:12:46.596843
EMP1604,85,GOOD,2025-12-27 21:12:46.596843
EMP1605,85,GOOD,2025-12-27 21:12:46.596843
EMP1606,85,GOOD,2025-12-27 21:12:46.596843
EMP1607,85,GOOD,2025-12-27 21:12:46.596843
EMP1608,85,GOOD,2025-12-27 21:12:46.596843
EMP1609,85,GOOD,2025-12-27 21:12:46.596843
EMP1610,85,GOOD,2025-12-27 21:12:46.596843
EMP1611,85,GOOD,2025-12-27 21:12:46.596843
EMP1612,85,GOOD,2025-12-27 21:12:46.596843
EMP1613,85,GOOD,2025-12-27 21:12:46.596843
EMP1614,85,GOOD,2025-12-27 21:12:46.596843
EMP1615,85,GOOD,2025-12-27 21:12:46.596843
EMP1616,85,GOOD,2025-12-27 21:12:46.596843
EMP1617,85,GOOD,2025-12-27 21:12:46.596843
EMP1618,85,GOOD,2025-12-27 21:12:46.596843
EMP1619,85,GOOD,2025-12-27 21:12:46.596843
EMP1620,85,GOOD,2025-12-27 21:12:46.596843
EMP1621,85,GOOD,2025-12-27 21:12:46.596843
EMP1622,85,GOOD,2025-12-27 21:12:46.596843
EMP1623,85,GOOD,2025-12-27 21:12:46.596843
EMP1624,85,GOOD,2025-12-27 21:12:46.596843
EMP1625,85,GOOD,2025-12-27 21:12:46.596843
EMP1626,85,GOOD,2025-12-27 21:12:46.596843
EMP1627,85,GOOD,2025-12-27 21:12:46.596843
EMP1628,85,GOOD,2025-12-27 21:12:46.596843
EMP1629,85,GOOD,2025-12-27 21:12:46.596843
EMP1630,85,GOOD,2025-12-27 21:12:46.596843
EMP1631,85,GOOD,2025-12-27 21:12:46.596843
EMP1632,85,GOOD,2025-12-27 21:12:46.596843
EMP1633,85,GOOD,2025-12-27 21:12:46.596843
EMP1634,85,GOOD,2025-12-27 21:12:46.596843
EMP1635,85,GOOD,2025-12-27 21:12:46.596843
EMP1636,85,GOOD,2025-12-27 21:12:46.596843
EMP1637,85,GOOD,2025-12-27 21:12:46.596843
EMP1638,85,GOOD,2025-12-27 21:12:46.596843
EMP1639,85,GOOD,2025-12-27 21:12:46.596843
EMP1640,85,GOOD,2025-12-27 21:12:46.596843
EMP1641,85,GOOD,2025-12-27 21:12:46.596843
EMP1642,85,GOOD,2025-12-27 21:12:46.596843
EMP1643,85,GOOD,2025-12-27 21:12:46.596843
EMP1644,85,GOOD,2025-12-27 21:12:46.596843
EMP1645,85,GOOD,2025-12-27 21:12:46.596843
EMP1646,85,GOOD,2025-12-27 21:12:46.596843
EMP1647,85,GOOD,2025-12-27 21:12:46.596843
EMP1648,85,GOOD,2025-12-27 21:12:46.596843
EMP1649,85,GOOD,2025-12-27 21:12:46.596843
EMP1650,85,GOOD,2025-12-27 21:12:46.596843
EMP1651,85,GOOD,2025-12-27 21:12:46.596843
EMP1652,85,GOOD,2025-12-27 21:12:46.596843
EMP1653,85,GOOD,2025-12-27 21:12:46.596843
EMP1654,85,GOOD,2025-12-27 21:12:46.596843
EMP1655,85,GOOD,2025-12-27 21:12:46.596843
EMP1656,85,GOOD,2025-12-27 21:12:46.596843
EMP1657,85,GOOD,2025-12-27 21:12:46.596843
EMP1658,85,GOOD,2025-12-27 21:12:46.596843
EMP1659,85,GOOD,2025-12-27 21:12:46.596843
EMP1660,85,GOOD,2025-12-27 21:12:46.596843
EMP1661,85,GOOD,2025-12-27 21:12:46.596843
EMP1662,85,GOOD,2025-12-27 21:12:46.596843
EMP1663,85,GOOD,2025-12-27 21:12:46.596843
EMP1664,85,GOOD,2025-12-27 21:12:46.596843
EMP1665,85,GOOD,2025-12-27 21:12:46.596843
EMP1666,85,GOOD,2025-12-27 21:12:46.596843
EMP1667,85,GOOD,2025-12-27 21:12:46.596843
EMP1668,85,GOOD,2025-12-27 21:12:46.596843
EMP1669,85,GOOD,2025-12-27 21:12:46.596843
EMP1670,85,GOOD,2025-12-27 21:12:46.596843
EMP1671,85,GOOD,2025-12-27 21:12:46.596843
EMP1672,85,GOOD,2025-12-27 21:12:46.596843
EMP1673,85,GOOD,2025-12-27 21:12:46.596843
EMP1674,85,GOOD,2025-12-27 21:12:46.596843
EMP1675,85,GOOD,2025-12-27 21:12:46.596843
EMP1676,85,GOOD,2025-12-27 21:12:46.596843
EMP1677,85,GOOD,2025-12-27 21:12:46.596843
EMP1678,85,GOOD,2025-12-27 21:12:46.596843
EMP1679,85,GOOD,2025-12-27 21:12:46.596843
EMP1680,85,GOOD,2025-12-27 21:12:46.596843
EMP1681,85,GOOD,2025-12-27 21:12:46.596843
EMP1682,85,GOOD,2025-12-27 21:12:46.596843
EMP1683,85,GOOD,2025-12-27 21:12:46.596843
EMP1684,85,GOOD,2025-12-27 21:12:46.596843
EMP1685,85,GOOD,2025-12-27 21:12:46.596843
EMP1686,85,GOOD,2025-12-27 21:12:46.596843
EMP1687,85,GOOD,2025-12-27 21:12:46.596843
EMP1688,85,GOOD,2025-12-27 21:12:46.596843
EMP1689,85,GOOD,2025-12-27 21:12:46.596843
EMP1690,85,GOOD,2025-12-27 21:12:46.596843
EMP1691,85,GOOD,2025-12-27 21:12:46.596843
EMP1692,85,GOOD,2025-12-27 21:12:46.596843
EMP1693,85,GOOD,2025-12-27 21:12:46.596843
EMP1694,85,GOOD,2025-12-27 21:12:46.596843
EMP1695,85,GOOD,2025-12-27 21:12:46.596843
EMP1696,85,GOOD,2025-12-27 21:12:46.596843
EMP1697,85,GOOD,2025-12-27 21:12:46.596843
EMP1698,85,GOOD,2025-12-27 21:12:46.596843
EMP1699,85,GOOD,2025-12-27 21:12:46.596843
EMP1700,85,GOOD,2025-12-27 21:12:46.596843
EMP1701,85,GOOD,2025-12-27 21:12:46.596843
EMP1702,85,GOOD,2025-12-27 21:12:46.596843
EMP1703,85,GOOD,2025-12-27 21:12:46.596843
EMP1704,85,GOOD,2025-12-27 21:12:46.596843
EMP1705,85,GOOD,2025-12-27 21:12:46.596843
EMP1706,85,GOOD,2025-12-27 21:12:46.596843
EMP1707,85,GOOD,2025-12-27 21:12:46.596843
EMP1708,85,GOOD,2025-12-27 21:12:46.596843
EMP1709,85,GOOD,2025-12-27 21:12:46.596843
EMP1710,85,GOOD,2025-12-27 21:12:46.596843
EMP1711,85,GOOD,2025-12-27 21:12:46.596843
EMP1712,85,GOOD,2025-12-27 21:12:46.596843
EMP1713,85,GOOD,2025-12-27 21:12:46.596843
EMP1714,85,GOOD,2025-12-27 21:12:46.596843
EMP1715,85,GOOD,2025-12-27 21:12:46.596843
EMP1716,85,GOOD,2025-12-27 21:12:46.596843
EMP1717,85,GOOD,2025-12-27 21:12:46.596843
EMP1718,85,GOOD,2025-12-27 21:12:46.596843
EMP1719,85,GOOD,2025-12-27 21:12:46.596843
EMP1720,85,GOOD,2025-12-27 21:12:46.596843
EMP1721,85,GOOD,2025-12-27 21:12:46.596843
EMP1722,85,GOOD,2025-12-27 21:12:46.596843
EMP1723,85,GOOD,2025-12-27 21:12:46.596843
EMP1724,85,GOOD,2025-12-27 21:12:46.596843
EMP1725,85,GOOD,2025-12-27 21:12:46.596843
EMP1726,85,GOOD,2025-12-27 21:12:46.596843
EMP1727,85,GOOD,2025-12-27 21:12:46.596843
EMP1728,85,GOOD,2025-12-27 21:12:46.596843
EMP1729,85,GOOD,2025-12-27 21:12:46.596843
EMP1730,85,GOOD,2025-12-27 21:12:46.596843
EMP1731,85,GOOD,2025-12-27 21:12:46.596843
EMP1732,85,GOOD,2025-12-27 21:12:46.596843
EMP1733,85,GOOD,2025-12-27 21:12:46.596843
EMP1734,85,GOOD,2025-12-27 21:12:46.596843
EMP1735,85,GOOD,2025-12-27 21:12:46.596843
EMP1736,85,GOOD,2025-12-27 21:12:46.596843
EMP1737,85,GOOD,2025-12-27 21:12:46.596843
EMP1738,85,GOOD,2025-12-27 21:12:46.596843
EMP1739,85,GOOD,2025-12-27 21:12:46.596843
EMP1740,85,GOOD,2025-12-27 21:12:46.596843
EMP1741,85,GOOD,2025-12-27 21:12:46.596843
EMP1742,85,GOOD,2025-12-27 21:12:46.596843
EMP1743,85,GOOD,2025-12-27 21:12:46.596843
EMP1744,85,GOOD,2025-12-27 21:12:46.596843
EMP1745,85,GOOD,2025-12-27 21:12:46.596843
EMP1746,85,GOOD,2025-12-27 21:12:46.596843
EMP1747,85,GOOD,2025-12-27 21:12:46.596843
EMP1748,85,GOOD,2025-12-27 21:12:46.596843
EMP1749,85,GOOD,2025-12-27 21:12:46.596843
EMP1750,85,GOOD,2025-12-27 21:12:46.596843
EMP1751,85,GOOD,2025-12-27 21:12:46.596843
EMP1752,85,GOOD,2025-12-27 21:12:46.596843
EMP1753,85,GOOD,2025-12-27 21:12:46.596843
EMP1754,85,GOOD,2025-12-27 21:12:46.596843
EMP1755,85,GOOD,2025-12-27 21:12:46.596843
EMP1756,85,GOOD,2025-12-27 21:12:46.596843
EMP1757,85,GOOD,2025-12-27 21:12:46.596843
EMP1758,85,GOOD,2025-12-27 21:12:46.596843
EMP1759,85,GOOD,2025-12-27 21:12:46.596843
EMP1760,85,GOOD,2025-12-27 21:12:46.596843
EMP1761,85,GOOD,2025-12-27 21:12:46.596843
EMP1762,85,GOOD,2025-12-27 21:12:46.596843
EMP1763,85,GOOD,2025-12-27 21:12:46.596843
EMP1764,85,GOOD,2025-12-27 21:12:46.596843
EMP1765,85,GOOD,2025-12-27 21:12:46.596843
EMP1766,85,GOOD,2025-12-27 21:12:46.596843
EMP1767,85,GOOD,2025-12-27 21:12:46.596843
EMP1768,85,GOOD,2025-12-27 21:12:46.596843
EMP1769,85,GOOD,2025-12-27 21:12:46.596843
EMP1770,85,GOOD,2025-12-27 21:12:46.596843
EMP1771,85,GOOD,2025-12-27 21:12:46.596843
EMP1772,85,GOOD,2025-12-27 21:12:46.596843
EMP1773,85,GOOD,2025-12-27 21:12:46.596843
EMP1774,85,GOOD,2025-12-27 21:12:46.596843
EMP1775,85,GOOD,2025-12-27 21:12:46.596843
EMP1776,85,GOOD,2025-12-27 21:12:46.596843
EMP1777,85,GOOD,2025-12-27 21:12:46.596843
EMP1778,85,GOOD,2025-12-27 21:12:46.596843
EMP1779,85,GOOD,2025-12-27 21:12:46.596843
EMP1780,85,GOOD,2025-12-27 21:12:46.596843
EMP1781,85,GOOD,2025-12-27 21:12:46.596843
EMP1782,85,GOOD,2025-12-27 21:12:46.596843
EMP1783,85,GOOD,2025-12-27 21:12:46.596843
EMP1784,85,GOOD,2025-12-27 21:12:46.596843
EMP1785,85,GOOD,2025-12-27 21:12:46.596843
EMP1786,85,GOOD,2025-12-27 21:12:46.596843
EMP1787,85,GOOD,2025-12-27 21:12:46.596843
EMP1788,85,GOOD,2025-12-27 21:12:46.596843
EMP1789,85,GOOD,2025-12-27 21:12:46.596843
EMP1790,85,GOOD,2025-12-27 21:12:46.596843
EMP1791,85,GOOD,2025-12-27 21:12:46.596843
EMP1792,85,GOOD,2025-12-27 21:12:46.596843
EMP1793,85,GOOD,2025-12-27 21:12:46.596843
EMP1794,85,GOOD,2025-12-27 21:12:46.596843
EMP1795,85,GOOD,2025-12-27 21:12:46.596843
EMP1796,85,GOOD,2025-12-27 21:12:46.596843
EMP1797,85,GOOD,2025-12-27 21:12:46.596843
EMP1798,85,GOOD,2025-12-27 21:12:46.596843
EMP1799,85,GOOD,2025-12-27 21:12:46.596843
EMP1800,85,GOOD,2025-12-27 21:12:46.596843
EMP1801,85,GOOD,2025-12-27 21:12:46.596843
EMP1802,85,GOOD,2025-12-27 21:12:46.596843
EMP1803,85,GOOD,2025-12-27 21:12:46.596843
EMP1804,85,GOOD,2025-12-27 21:12:46.596843
EMP1805,85,GOOD,2025-12-27 21:12:46.596843
EMP1806,85,GOOD,2025-12-27 21:12:46.596843
EMP1807,85,GOOD,2025-12-27 21:12:46.596843
EMP1808,85,GOOD,2025-12-27 21:12:46.596843
EMP1809,85,GOOD,2025-12-27 21:12:46.596843
EMP1810,85,GOOD,2025-12-27 21:12:46.596843
EMP1811,85,GOOD,2025-12-27 21:12:46.596843
EMP1812,85,GOOD,2025-12-27 21:12:46.596843
EMP1813,85,GOOD,2025-12-27 21:12:46.596843
EMP1814,85,GOOD,2025-12-27 21:12:46.596843
EMP1815,85,GOOD,2025-12-27 21:12:46.596843
EMP1816,85,GOOD,2025-12-27 21:12:46.596843
EMP1817,85,GOOD,2025-12-27 21:12:46.596843
EMP1818,85,GOOD,2025-12-27 21:12:46.596843
EMP1819,85,GOOD,2025-12-27 21:12:46.596843
EMP1820,85,GOOD,2025-12-27 21:12:46.596843
EMP1821,85,GOOD,2025-12-27 21:12:46.596843
EMP1822,85,GOOD,2025-12-27 21:12:46.596843
EMP1823,85,GOOD,2025-12-27 21:12:46.596843
EMP1824,85,GOOD,2025-12-27 21:12:46.596843
EMP1825,85,GOOD,2025-12-27 21:12:46.596843
EMP1826,85,GOOD,2025-12-27 21:12:46.596843
EMP1827,85,GOOD,2025-12-27 21:12:46.596843
EMP1828,85,GOOD,2025-12-27 21:12:46.596843
EMP1829,85,GOOD,2025-12-27 21:12:46.596843
EMP1830,85,GOOD,2025-12-27 21:12:46.596843
EMP1831,85,GOOD,2025-12-27 21:12:46.596843
EMP1832,85,GOOD,2025-12-27 21:12:46.596843
EMP1833,85,GOOD,2025-12-27 21:12:46.596843
EMP1834,85,GOOD,2025-12-27 21:12:46.596843
EMP1835,85,GOOD,2025-12-27 21:12:46.596843
EMP1836,85,GOOD,2025-12-27 21:12:46.596843
EMP1837,85,GOOD,2025-12-27 21:12:46.596843
EMP1838,85,GOOD,2025-12-27 21:12:46.596843
EMP1839,85,GOOD,2025-12-27 21:12:46.596843
EMP1840,85,GOOD,2025-12-27 21:12:46.596843
EMP1841,85,GOOD,2025-12-27 21:12:46.596843
EMP1842,85,GOOD,2025-12-27 21:12:46.596843
EMP1843,85,GOOD,2025-12-27 21:12:46.596843
EMP1844,85,GOOD,2025-12-27 21:12:46.596843
EMP1845,85,GOOD,2025-12-27 21:12:46.596843
EMP1846,85,GOOD,2025-12-27 21:12:46.596843
EMP1847,85,GOOD,2025-12-27 21:12:46.596843
EMP1848,85,GOOD,2025-12-27 21:12:46.596843
EMP1849,85,GOOD,2025-12-27 21:12:46.596843
EMP1850,85,GOOD,2025-12-27 21:12:46.596843
EMP1851,85,GOOD,2025-12-27 21:12:46.596843
EMP1852,85,GOOD,2025-12-27 21:12:46.596843
EMP1853,85,GOOD,2025-12-27 21:12:46.596843
EMP1854,85,GOOD,2025-12-27 21:12:46.596843
EMP1855,85,GOOD,2025-12-27 21:12:46.596843
EMP1856,85,GOOD,2025-12-27 21:12:46.596843
EMP1857,85,GOOD,2025-12-27 21:12:46.596843
EMP1858,85,GOOD,2025-12-27 21:12:46.596843
EMP1859,85,GOOD,2025-12-27 21:12:46.596843
EMP1860,85,GOOD,2025-12-27 21:12:46.596843
EMP1861,85,GOOD,2025-12-27 21:12:46.596843
EMP1862,85,GOOD,2025-12-27 21:12:46.596843
EMP1863,85,GOOD,2025-12-27 21:12:46.596843
EMP1864,85,GOOD,2025-12-27 21:12:46.596843
EMP1865,85,GOOD,2025-12-27 21:12:46.596843
EMP1866,85,GOOD,2025-12-27 21:12:46.596843
EMP1867,85,GOOD,2025-12-27 21:12:46.596843
EMP1868,85,GOOD,2025-12-27 21:12:46.596843
EMP1869,85,GOOD,2025-12-27 21:12:46.596843
EMP1870,85,GOOD,2025-12-27 21:12:46.596843
EMP1871,85,GOOD,2025-12-27 21:12:46.596843
EMP1872,85,GOOD,2025-12-27 21:12:46.596843
EMP1873,85,GOOD,2025-12-27 21:12:46.596843
EMP1874,85,GOOD,2025-12-27 21:12:46.596843
EMP1875,85,GOOD,2025-12-27 21:12:46.596843
EMP1876,85,GOOD,2025-12-27 21:12:46.596843
EMP1877,85,GOOD,2025-12-27 21:12:46.596843
EMP1878,85,GOOD,2025-12-27 21:12:46.596843
EMP1879,85,GOOD,2025-12-27 21:12:46.596843
EMP1880,85,GOOD,2025-12-27 21:12:46.596843
EMP1881,85,GOOD,2025-12-27 21:12:46.596843
EMP1882,85,GOOD,2025-12-27 21:12:46.596843
EMP1883,85,GOOD,2025-12-27 21:12:46.596843
EMP1884,85,GOOD,2025-12-27 21:12:46.596843
EMP1885,85,GOOD,2025-12-27 21:12:46.596843
EMP1886,85,GOOD,2025-12-27 21:12:46.596843
EMP1887,85,GOOD,2025-12-27 21:12:46.596843
EMP1888,85,GOOD,2025-12-27 21:12:46.596843
EMP1889,85,GOOD,2025-12-27 21:12:46.596843
EMP1890,85,GOOD,2025-12-27 21:12:46.596843
EMP1891,85,GOOD,2025-12-27 21:12:46.596843
EMP1892,85,GOOD,2025-12-27 21:12:46.596843
EMP1893,85,GOOD,2025-12-27 21:12:46.596843
EMP1894,85,GOOD,2025-12-27 21:12:46.596843
EMP1895,85,GOOD,2025-12-27 21:12:46.596843
EMP1896,85,GOOD,2025-12-27 21:12:46.596843
EMP1897,85,GOOD,2025-12-27 21:12:46.596843
EMP1898,85,GOOD,2025-12-27 21:12:46.596843
EMP1899,85,GOOD,2025-12-27 21:12:46.596843
EMP1900,85,GOOD,2025-12-27 21:12:46.596843
EMP1901,85,GOOD,2025-12-27 21:12:46.596843
EMP1902,85,GOOD,2025-12-27 21:12:46.596843
EMP1903,85,GOOD,2025-12-27 21:12:46.596843
EMP1904,85,GOOD,2025-12-27 21:12:46.596843
EMP1905,85,GOOD,2025-12-27 21:12:46.596843
EMP1906,85,GOOD,2025-12-27 21:12:46.596843
EMP1907,85,GOOD,2025-12-27 21:12:46.596843
EMP1908,85,GOOD,2025-12-27 21:12:46.596843
EMP1909,85,GOOD,2025-12-27 21:12:46.596843
EMP1910,85,GOOD,2025-12-27 21:12:46.596843
EMP1911,85,GOOD,2025-12-27 21:12:46.596843
EMP1912,85,GOOD,2025-12-27 21:12:46.596843
EMP1913,85,GOOD,2025-12-27 21:12:46.596843
EMP1914,85,GOOD,2025-12-27 21:12:46.596843
EMP1915,85,GOOD,2025-12-27 21:12:46.596843
EMP1916,85,GOOD,2025-12-27 21:12:46.596843
EMP1917,85,GOOD,2025-12-27 21:12:46.596843
EMP1918,85,GOOD,2025-12-27 21:12:46.596843
EMP1919,85,GOOD,2025-12-27 21:12:46.596843
EMP1920,85,GOOD,2025-12-27 21:12:46.596843
EMP1921,85,GOOD,2025-12-27 21:12:46.596843
EMP1922,85,GOOD,2025-12-27 21:12:46.596843
EMP1923,85,GOOD,2025-12-27 21:12:46.596843
EMP1924,85,GOOD,2025-12-27 21:12:46.596843
EMP1925,85,GOOD,2025-12-27 21:12:46.596843
EMP1926,85,GOOD,2025-12-27 21:12:46.596843
EMP1927,85,GOOD,2025-12-27 21:12:46.596843
EMP1928,85,GOOD,2025-12-27 21:12:46.596843
EMP1929,85,GOOD,2025-12-27 21:12:46.596843
EMP1930,85,GOOD,2025-12-27 21:12:46.596843
EMP1931,85,GOOD,2025-12-27 21:12:46.596843
EMP1932,85,GOOD,2025-12-27 21:12:46.596843
EMP1933,85,GOOD,2025-12-27 21:12:46.596843
EMP1934,85,GOOD,2025-12-27 21:12:46.596843
EMP1935,85,GOOD,2025-12-27 21:12:46.596843
EMP1936,85,GOOD,2025-12-27 21:12:46.596843
EMP1937,85,GOOD,2025-12-27 21:12:46.596843
EMP1938,85,GOOD,2025-12-27 21:12:46.596843
EMP1939,85,GOOD,2025-12-27 21:12:46.596843
EMP1940,85,GOOD,2025-12-27 21:12:46.596843
EMP1941,85,GOOD,2025-12-27 21:12:46.596843
EMP1942,85,GOOD,2025-12-27 21:12:46.596843
EMP1943,85,GOOD,2025-12-27 21:12:46.596843
EMP1944,85,GOOD,2025-12-27 21:12:46.596843
EMP1945,85,GOOD,2025-12-27 21:12:46.596843
EMP1946,85,GOOD,2025-12-27 21:12:46.596843
EMP1947,85,GOOD,2025-12-27 21:12:46.596843
EMP1948,85,GOOD,2025-12-27 21:12:46.596843
EMP1949,85,GOOD,2025-12-27 21:12:46.596843
EMP1950,85,GOOD,2025-12-27 21:12:46.596843
EMP1951,85,GOOD,2025-12-27 21:12:46.596843
EMP1952,85,GOOD,2025-12-27 21:12:46.596843
EMP1953,85,GOOD,2025-12-27 21:12:46.596843
EMP1954,85,GOOD,2025-12-27 21:12:46.596843
EMP1955,85,GOOD,2025-12-27 21:12:46.596843
EMP1956,85,GOOD,2025-12-27 21:12:46.596843
EMP1957,85,GOOD,2025-12-27 21:12:46.596843
EMP1958,85,GOOD,2025-12-27 21:12:46.596843
EMP1959,85,GOOD,2025-12-27 21:12:46.596843
EMP1960,85,GOOD,2025-12-27 21:12:46.596843
EMP1961,85,GOOD,2025-12-27 21:12:46.596843
EMP1962,85,GOOD,2025-12-27 21:12:46.596843
EMP1963,85,GOOD,2025-12-27 21:12:46.596843
EMP1964,85,GOOD,2025-12-27 21:12:46.596843
EMP1965,85,GOOD,2025-12-27 21:12:46.596843
EMP1966,85,GOOD,2025-12-27 21:12:46.596843
EMP1967,85,GOOD,2025-12-27 21:12:46.596843
EMP1968,85,GOOD,2025-12-27 21:12:46.596843
EMP1969,85,GOOD,2025-12-27 21:12:46.596843
EMP1970,85,GOOD,2025-12-27 21:12:46.596843
EMP1971,85,GOOD,2025-12-27 21:12:46.596843
EMP1972,85,GOOD,2025-12-27 21:12:46.596843
EMP1973,85,GOOD,2025-12-27 21:12:46.596843
EMP1974,85,GOOD,2025-12-27 21:12:46.596843
EMP1975,85,GOOD,2025-12-27 21:12:46.596843
EMP1976,85,GOOD,2025-12-27 21:12:46.596843
EMP1977,85,GOOD,2025-12-27 21:12:46.596843
EMP1978,85,GOOD,2025-12-27 21:12:46.596843
EMP1979,85,GOOD,2025-12-27 21:12:46.596843
EMP1980,85,GOOD,2025-12-27 21:12:46.596843
EMP1981,85,GOOD,2025-12-27 21:12:46.596843
EMP1982,85,GOOD,2025-12-27 21:12:46.596843
EMP1983,85,GOOD,2025-12-27 21:12:46.596843
EMP1984,85,GOOD,2025-12-27 21:12:46.596843
EMP1985,85,GOOD,2025-12-27 21:12:46.596843
EMP1986,85,GOOD,2025-12-27 21:12:46.596843
EMP1987,85,GOOD,2025-12-27 21:12:46.596843
EMP1988,85,GOOD,2025-12-27 21:12:46.596843
EMP1989,85,GOOD,2025-12-27 21:12:46.596843
EMP1990,85,GOOD,2025-12-27 21:12:46.596843
EMP1991,85,GOOD,2025-12-27 21:12:46.596843
EMP1992,85,GOOD,2025-12-27 21:12:46.596843
EMP1993,85,GOOD,2025-12-27 21:12:46.596843
EMP1994,85,GOOD,2025-12-27 21:12:46.596843
EMP1995,85,GOOD,2025-12-27 21:12:46.596843
EMP1996,85,GOOD,2025-12-27 21:12:46.596843
EMP1997,85,GOOD,2025-12-27 21:12:46.596843
EMP1998,85,GOOD,2025-12-27 21:12:46.596843
EMP1999,85,GOOD,2025-12-27 21:12:46.596843
EMP2000,85,GOOD,2025-12-27 21:12:46.596843
EMP2001,85,GOOD,2025-12-27 21:12:46.596843
EMP2002,85,GOOD,2025-12-27 21:12:46.596843
EMP2003,85,GOOD,2025-12-27 21:12:46.596843
EMP2004,85,GOOD,2025-12-27 21:12:46.596843
EMP2005,85,GOOD,2025-12-27 21:12:46.596843
EMP2006,85,GOOD,2025-12-27 21:12:46.596843
EMP2007,85,GOOD,2025-12-27 21:12:46.596843
EMP2008,85,GOOD,2025-12-27 21:12:46.596843
EMP2009,85,GOOD,2025-12-27 21:12:46.596843
EMP2010,85,GOOD,2025-12-27 21:12:46.596843
EMP2011,85,GOOD,2025-12-27 21:12:46.596843
EMP2012,85,GOOD,2025-12-27 21:12:46.596843
EMP2013,85,GOOD,2025-12-27 21:12:46.596843
EMP2014,85,GOOD,2025-12-27 21:12:46.596843
EMP2015,85,GOOD,2025-12-27 21:12:46.596843
EMP2016,85,GOOD,2025-12-27 21:12:46.596843
EMP2017,85,GOOD,2025-12-27 21:12:46.596843
EMP2018,85,GOOD,2025-12-27 21:12:46.596843
EMP2019,85,GOOD,2025-12-27 21:12:46.596843
